code,system
10229020,multilex
49507020,multilex
51936020,multilex
56161020,multilex
68341020,multilex
74527020,multilex
90715020,multilex
14501021,multilex
46781020,multilex
50687020,multilex
50688020,multilex
50695020,multilex
50696020,multilex
50701020,multilex
50702020,multilex
50859020,multilex
50860020,multilex
53646020,multilex
53651020,multilex
54007020,multilex
54008020,multilex
55860020,multilex
56303020,multilex
57123020,multilex
57124020,multilex
59161020,multilex
59162020,multilex
61199020,multilex
61200020,multilex
61571020,multilex
66824020,multilex
66877020,multilex
66878020,multilex
66879020,multilex
68342020,multilex
68343020,multilex
70449020,multilex
72955020,multilex
20432020,multilex
50645020,multilex
50646020,multilex
51443020,multilex
51444020,multilex
58993020,multilex
58994020,multilex
66962020,multilex
71875020,multilex
74808020,multilex
94513020,multilex
94516020,multilex
20436020,multilex
49955020,multilex
60533020,multilex
60686020,multilex
64061020,multilex
64062020,multilex
20867020,multilex
20871020,multilex
53465020,multilex
53466020,multilex
58226020,multilex
58986020,multilex
62416020,multilex
71710020,multilex
28378020,multilex
36901020,multilex
37936020,multilex
93533020,multilex
99438020,multilex
32064020,multilex
38438020,multilex
51614020,multilex
75305020,multilex
75306020,multilex
75307020,multilex
37194020,multilex
37195020,multilex
37196020,multilex
37199020,multilex
39271020,multilex
38820020,multilex
87261020,multilex
41200020,multilex
48237020,multilex
48605020,multilex
50709020,multilex
50737020,multilex
59073020,multilex
59078020,multilex
64054020,multilex
65074020,multilex
65258020,multilex
445021,multilex
51447020,multilex
60532020,multilex
60685020,multilex
64060020,multilex
89956020,multilex
47018020,multilex
47020020,multilex
61431020,multilex
47019020,multilex
47021020,multilex
48188020,multilex
48189020,multilex
48244020,multilex
48245020,multilex
48848020,multilex
48849020,multilex
49121020,multilex
49124020,multilex
49130020,multilex
51544020,multilex
53356020,multilex
54170020,multilex
58928020,multilex
60189020,multilex
64053020,multilex
65063020,multilex
65066020,multilex
65067020,multilex
65068020,multilex
49133020,multilex
49134020,multilex
49150020,multilex
49151020,multilex
55034020,multilex
55035020,multilex
57820020,multilex
57821020,multilex
59840020,multilex
59841020,multilex
59842020,multilex
65255020,multilex
49359020,multilex
52633020,multilex
49456020,multilex
49457020,multilex
49505020,multilex
49506020,multilex
49515020,multilex
49516020,multilex
49520020,multilex
49521020,multilex
49522020,multilex
53333020,multilex
53334020,multilex
53335020,multilex
56921020,multilex
58980020,multilex
58981020,multilex
58982020,multilex
61793020,multilex
61794020,multilex
61795020,multilex
62417020,multilex
62418020,multilex
62837020,multilex
63139020,multilex
63140020,multilex
63141020,multilex
63587020,multilex
63597020,multilex
64045020,multilex
64048020,multilex
65787020,multilex
65974020,multilex
68615020,multilex
75741020,multilex
79693020,multilex
49555020,multilex
52944020,multilex
59025020,multilex
59082020,multilex
62057020,multilex
93367020,multilex
50176020,multilex
50177020,multilex
50187020,multilex
50188020,multilex
50189020,multilex
50193020,multilex
50194020,multilex
88274020,multilex
88276020,multilex
50487020,multilex
58776020,multilex
88270020,multilex
50733020,multilex
50734020,multilex
50769020,multilex
50770020,multilex
50935020,multilex
50936020,multilex
53474020,multilex
53475020,multilex
53476020,multilex
53750020,multilex
53751020,multilex
55043020,multilex
55213020,multilex
55214020,multilex
56873020,multilex
56874020,multilex
60736020,multilex
60737020,multilex
60738020,multilex
60742020,multilex
60743020,multilex
68857020,multilex
71939020,multilex
71940020,multilex
71941020,multilex
52121020,multilex
52122020,multilex
52125020,multilex
52129020,multilex
52130020,multilex
52131020,multilex
52445020,multilex
52446020,multilex
56351020,multilex
67226020,multilex
67227020,multilex
93557020,multilex
56352020,multilex
57443020,multilex
61412020,multilex
60752020,multilex
60754020,multilex
60757020,multilex
62052020,multilex
62053020,multilex
63860020,multilex
63861020,multilex
64230020,multilex
64231020,multilex
64339020,multilex
64340020,multilex
67486020,multilex
67487020,multilex
73169020,multilex
73171020,multilex
73176020,multilex
73177020,multilex
73178020,multilex
73180020,multilex
87259020,multilex
98937020,multilex